Sample Name,201501 taq,201501 seq call,203254 taq,203254 seq,209958 taq,209958 seq,210858 taq,210858 seq,211385 taq,211385 seq,211980 taq,211980 seq,212087 taq,212087 seq,212570 taq,212570 seq,213026 taq,213026 seq,213106 taq,213106 seq,213739 taq,213739 seq,225727 taq,225727 seq,225814 taq,225814 seq,234447 taq,234447 seq
1a,A/A,A/A,C/C,C/C,C/C,,C/C,,G/G,,A/A,,C/C,,C/C,C/C,A/A,,A/A,,,,G/G,,T/T,,G/G,
1d,G/G,G/G,T/T,T/T,A/A,,T/T,,A/A,,T/T,T/T,G/G,G/G,G/G,T/T,G/G,G/G,G/G,,,C/C,A/A,,C/C,,C/C,
1g,A/A,A/A,C/C,C/C,C/C,C/C,C/C,,G/G,,A/A,,C/C,,C/C,C/C,A/A,A/A,A/A,,,T/T,G/G,G/G,T/T,,G/G,
1h,G/G,G/G,T/T,T/T,A/A,,T/T,,A/A,,T/T,,G/G,,G/G,,G/G,,G/G,,,C/C,A/A,,C/C,,C/C,
2628,G/G,G/G,T/T,T/T,C/C,C/C,C/C,,G/G,,A/A,,C/C,,C/C,C/C,A/A,A/A,A/A,,,T/T,G/A,,T/T,,G/C,
2632,G/A,G/A,C/T,C/T,C/C,C/C,C/C,,G/G,,A/A,,C/C,,C/C,C/C,A/A,A/A,A/A,,,T/T,Und,,T/T,,G/C,
2635,G/A,G/A,C/C,C/C,C/C,C/C,C/C,,A/G,,A/A,,C/C,,C/C,C/C,A/A,A/A,A/A,,,T/T,G/A,,T/T,,C/C,
2637,G/G,G/G,C/T,,C/C,C/C,C/C,,G/G,,A/A,,C/C,,C/C,C/C,A/A,A/A,A/A,,,,G/G,G/G,T/T,,G/G,
2642,G/A,G/A,C/T,C/T,C/C,C/C,C/C,,A/A,,A/A,,C/C,,C/C,C/C,A/A,A/A,A/A,,,T/T,G/G,G/G,T/T,,G/G,
2643,G/A,G/A,C/T,C/T,C/C,C/C,C/C,,G/G,,A/A,A/A,C/C,C/C,C/C,C/C,A/A,A/A,A/A,,,T/T,G/G,G/G,T/T,,G/G,
2690,G/G,G/G,C/T,C/T,C/C,C/C,C/C,,G/G,,A/A,A/A,C/C,C/C,C/C,C/C,A/A,A/A,A/A,,,T/C,A/A,G/G,T/T,,G/C,
2699,G/G,G/G,C/C,C/C,C/C,C/C,C/C,,A/A,,A/A,A/A,C/C,C/C,C/C,C/C,A/A,,A/A,,,T/C,G/G,,T/T,,G/G,
2784,G/A,G/A,C/C,C/C,C/C,C/C,C/C,,A/G,,A/A,,C/C,,C/C,C/C,A/A,A/A,A/A,,,T/T,G/G,G/G,T/T,,G/G,
2820,G/A,G/A,C/C,C/C,C/C,,C/C,,A/G,,A/A,,C/C,,C/C,C/C,A/G,,A/A,,,T/T,G/G,,T/T,,G/G,
2869,A/A,A/A,C/C,C/C,C/C,C/C,C/C,,A/G,,A/A,A/A,C/C,C/C,C/C,C/C,A/A,A/A,A/A,,,,G/G,,T/T,,G/C,
2871,G/A,G/A,C/C,C/C,C/C,C/C,C/C,,G/G,,A/A,,C/C,,C/C,C/C,A/A,A/A,A/A,,,T/T,G/G,G/G,T/T,,G/G,
2877,G/A,G/A,C/C,C/C,C/C,C/C,C/C,,G/G,,A/A,,C/C,,C/C,C/C,A/A,A/A,A/A,,,T/T,G/G,G/G,T/T,,G/G,
2879,G/A,G/A,C/T,C/T,C/C,,C/C,,A/A,,A/A,A/A,C/C,C/C,C/C,C/C,A/A,A/A,A/A,,,T/T,G/A,G/G,T/T,,G/G,
2880,G/G,G/G,C/T,,C/C,C/C,C/C,,G/G,,A/A,A/A,C/C,,C/C,C/C,A/A,A/A,A/A,,,T/C,G/G,G/G,T/T,,G/G,
2f,G/A,G/A,C/T,C/T,C/A,C/A,T/T,,A/G,A/A,A/T,,C/G,C/G,C/G,C/C,A/G,A/G,A/G,,,C/T,G/A,G/G,T/C,,G/C,
3d,G/A,G/A,C/T,C/T,A/A,C/A,T/T,,A/G,,A/T,,C/G,,C/G,,A/G,,A/G,,,,G/A,,T/C,,G/C,
3f,G/G,G/G,T/T,T/T,A/A,A/A,T/T,,A/A,,T/T,T/T,G/G,G/G,G/G,T/T,G/G,G/G,G/G,,,C/C,A/A,,C/C,,C/C,
3j,A/A,A/A,C/C,C/C,C/C,C/C,C/C,,G/G,G/G,A/A,,C/C,,C/C,C/C,A/A,,A/A,,,,G/G,,T/T,,G/G,
4005,G/G,G/G,C/C,C/C,C/C,C/C,C/C,,G/G,,A/A,A/A,C/C,C/C,C/C,C/C,A/A,A/A,A/A,,,C/T,G/G,G/G,T/T,,G/G,
4015,G/A,G/A,C/T,C/T,C/C,C/C,C/C,,G/G,,A/A,,C/C,C/C,C/C,C/C,A/A,A/A,A/A,,,T/T,Und,G/G,T/T,,G/C,
4024,G/A,G/A,C/C,C/C,C/C,C/C,C/C,,A/G,,A/A,A/A,C/C,C/C,C/C,C/C,A/A,A/A,A/A,,,T/T,G/G,G/G,T/T,,G/G,
4026,G/A,G/A,C/C,C/C,C/C,C/C,C/C,,A/G,,A/A,A/A,C/C,C/C,C/C,C/C,A/A,A/A,A/A,,,T/T,G/G,G/G,T/T,,G/G,
4043,G/A,G/A,C/C,C/C,C/C,C/C,C/C,,G/G,,A/A,,C/C,,C/C,,A/A,A/A,A/A,,,T/T,G/G,G/G,T/T,,G/G,
4086,A/A,A/A,C/C,C/C,C/C,C/C,C/C,,G/G,,A/A,,C/C,,C/C,C/C,A/A,A/A,A/A,,,T/T,G/G,G/G,T/T,,G/G,
4087,A/A,A/A,C/C,C/C,C/C,C/C,C/C,,G/G,,A/A,A/A,C/C,C/C,C/C,C/C,A/A,A/A,A/A,,,T/T,G/G,G/G,T/T,,G/G,
4092,G/A,G/A,C/T,C/T,C/C,,C/C,,G/G,,A/A,,C/C,,C/C,C/C,A/G,A/G,A/A,,,,G/A,G/G,T/T,,G/C,
4097,A/A,A/A,C/C,C/C,C/C,C/C,C/C,,G/G,,A/A,A/A,C/C,C/C,C/C,C/C,A/A,A/A,A/A,,,,G/G,G/G,T/T,,G/G,
4098,G/A,G/A,C/C,C/C,C/C,C/C,C/C,,A/G,,A/A,A/A,C/C,C/C,C/C,C/C,A/A,A/A,A/A,,,,G/G,,T/T,,G/G,
4103,G/A,G/A,C/C,C/C,C/C,C/C,C/C,,A/G,,A/A,A/A,C/C,C/C,C/C,C/C,A/A,A/A,A/A,,,,G/G,,T/T,,G/C,
4114,G/A,G/A,C/T,C/T,C/C,C/C,C/C,,G/G,,A/A,,C/C,,C/C,C/C,G/G,G/G,A/A,,,T/T,G/G,,T/T,,G/G,
4118,A/A,A/A,C/C,C/C,C/C,,C/C,,G/G,,A/A,,C/C,,C/C,C/C,A/G,,A/A,,,,G/G,,T/T,,G/G,
4121,G/A,G/A,C/C,C/C,C/C,C/C,C/C,,A/G,,A/A,A/A,C/C,C/C,C/C,C/C,A/A,A/A,A/A,,,,G/A,,T/T,,G/C,
4123,G/A,G/A,C/T,C/T,C/C,C/C,C/C,,G/G,G/G,A/A,A/A,C/C,C/C,C/C,C/C,A/A,A/A,A/A,,,T/T,G/G,G/G,T/T,,G/G,
4124,G/A,G/A,C/T,C/T,C/C,,C/C,,G/G,,A/A,,C/C,,C/C,C/C,A/G,A/G,A/A,,,,G/A,,T/T,,G/C,
4129,G/A,G/A,C/T,C/T,C/C,C/C,C/C,,G/G,,A/A,,C/C,,C/C,C/C,A/A,,A/A,,,T/T,Und,,T/T,,G/C,
4136,G/A,G/A,C/T,C/T,C/C,C/C,C/C,,A/A,,A/A,,C/C,,C/C,C/C,A/A,A/A,A/A,,,T/T,G/G,,T/T,,G/G,
4155,A/A,A/A,C/C,C/C,C/C,C/C,C/C,,G/G,,A/A,,C/C,,C/C,C/C,A/A,A/A,A/A,,,,G/G,G/G,T/T,,G/G,
4168,G/A,G/A,C/T,C/T,C/C,C/C,C/C,,A/A,,A/A,,C/C,,C/C,C/C,A/A,,A/A,,,T/T,G/G,,T/T,,G/G,
4175,G/G,G/G,C/T,C/T,C/C,C/C,C/C,,G/G,,A/A,A/A,C/C,C/C,C/C,C/C,A/A,A/A,A/A,,,T/T,A/A,,T/T,,G/C,
4178,G/A,G/A,C/C,C/C,C/C,,C/C,,A/G,,A/A,A/A,C/C,,C/C,C/C,A/A,,A/A,,,T/T,G/A,,T/T,,C/C,
4179,G/A,G/A,C/C,C/C,C/C,C/C,C/C,,A/G,,A/A,,C/C,,C/C,C/C,A/A,A/A,A/A,,,T/T,G/A,,T/T,,C/C,
4204,A/A,A/A,C/C,C/C,C/C,C/C,C/C,,G/G,,A/A,,C/C,C/C,C/C,C/C,A/A,A/A,A/A,,,T/T,G/A,A/G,T/T,,G/G,
4304,G/G,G/G,C/T,C/T,C/C,C/C,C/C,,A/G,,A/A,,C/C,,C/C,C/C,A/A,A/A,A/A,,,T/T,G/A,,T/T,,G/C,
4386,G/A,G/A,C/T,C/T,C/C,,C/C,,G/G,,A/A,,C/C,,C/C,C/C,A/A,A/A,A/A,,,T/T,G/A,,T/T,,G/C,
f07,A/A,A/A,C/C,C/C,C/C,C/C,C/C,,G/G,,A/A,A/A,C/C,C/C,C/C,C/C,A/A,,A/A,,,T/T,G/A,,T/T,,G/G,
f08,G/A,G/A,C/T,C/T,C/A,,C/T,,A/G,,A/T,A/T,G/G,GG,G/G,C/C,A/G,A/G,A/G,,,T/C,G/A,G/G,T/C,,G/C,
f09,G/G,G/G,T/T,T/T,C/A,C/A,T/T,,A/G,,A/T,A/T,C/G,C/G,C/G,C/T,G/G,G/G,A/G,,,T/C,A/A,G/G,T/C,,G/C,
f10,G/A,G/A,C/T,C/T,C/A,C/A,T/T,,A/G,,A/T,,G/G,,G/G,C/C,A/G,A/G,A/G,,,T/C,G/A,,T/C,,G/C,
f11,G/A,G/A,C/T,C/T,C/A,C/A,C/T,,A/G,,A/T,A/T,G/G,G/G,G/G,C/C,A/G,A/G,A/G,,,T/C,G/A,G/G,T/C,,G/C,
f12,G/A,G/A,C/T,C/T,C/C,C/C,C/C,,G/G,,A/A,,C/C,,C/C,C/C,A/A,A/A,A/A,,,,G/G,,T/T,,G/G,
f13,A/A,A/A,C/C,C/C,C/A,C/A,T/T,,G/G,,A/A,A/A,C/C,C/C,C/C,C/C,A/A,A/A,A/A,,,T/T,G/G,G/G,T/T,,G/G,
f17,G/G,G/G,C/T,C/T,C/A,C/A,C/T,,A/A,,A/T,A/T,C/G,C/G,C/G,C/T,A/G,A/G,A/G,,,T/C,G/G,G/G,T/C,,G/G,
f18,G/G,G/G,C/T,C/T,C/A,C/A,C/T,,A/G,,A/T,A/T,C/G,C/G,C/G,C/T,A/G,,A/G,,,T/C,G/A,,T/C,,G/C,
f20,A/A,A/A,C/T,C/T,C/C,C/C,C/C,,G/G,,A/A,A/A,C/C,C/G,C/C,C/C,A/A,A/A,A/A,,,,G/G,G/G,T/T,,G/G,
f25,A/A,A/A,C/T,C/T,C/C,C/C,C/C,,G/G,,A/A,A/A,C/C,C/C,C/C,C/C,A/A,A/A,A/A,,,T/T,G/G,G/G,T/T,,G/G,
f30,G/A,G/A,C/C,C/C,C/C,C/C,C/C,,A/G,,A/A,,C/C,,C/C,C/C,A/A,A/A,A/A,,,T/T,G/A,A/A,T/T,,G/C,
f32,A/A,A/A,C/C,C/C,C/C,C/C,C/C,,G/G,,A/A,,C/C,,C/C,C/C,A/A,A/A,A/A,,,T/T,G/G,,T/T,,G/C,
f35,G/G,G/G,C/T,C/T,C/C,C/C,C/C,,G/G,,A/A,A/A,C/C,C/C,C/C,C/C,A/A,A/A,A/A,,,T/T,G/G,,T/T,,G/C,
m04,G/A,G/A,C/T,C/T,C/C,,Und,,G/G,,A/A,A/A,C/C,C/C,C/C,C/C,A/A,A/A,A/A,,,T/T,G/G,G/G,T/T,,G/G,
m05,G/G,G/G,T/T,T/T,C/C,C/C,C/C,,G/G,,A/A,A/A,C/C,C/C,C/C,C/C,A/G,A/G,A/A,,,,G/G,,T/T,,G/G,
m06,A/A,A/A,C/T,C/T,C/C,,C/C,,G/G,,A/A,A/A,C/C,C/C,C/C,C/C,A/G,,A/A,,,T/T,G/G,,T/T,,G/G,
m09,G/A,G/A,C/T,C/T,C/A,C/A,C/T,,A/G,,A/T,A/T,C/G,,C/G,C/C,A/G,A/G,A/G,,,T/C,G/A,,T/C,,G/C,
m11,A/A,A/A,C/C,C/C,C/C,C/C,C/C,,G/G,,A/A,,C/C,,C/C,C/C,A/A,A/A,A/A,,,,Und,,T/T,,G/G,
m13,G/A,G/A,T/T,T/T,C/C,C/C,T/T,,G/G,,A/A,A/A,C/C,C/C,C/C,C/C,A/A,A/A,A/A,,,T/T,G/G,G/G,T/T,,G/G,
m14,G/A,G/A,C/T,C/T,C/C,C/C,C/C,,G/G,,A/A,A/A,C/C,,C/C,C/C,A/A,A/A,A/A,,,T/T,G/G,G/G,T/T,,G/G,
m15,G/A,G/A,T/T,T/T,C/C,C/C,Und,,G/G,,A/A,A/A,C/C,,C/C,C/C,A/A,A/A,A/A,,,T/T,G/G,G/G,T/T,,G/C,
m16,G/A,G/A,T/T,T/T,C/C,C/C,Und,,G/G,,A/A,A/A,C/C,,C/C,C/C,A/G,A/G,A/A,,,T/T,G/G,G/G,T/T,,G/G,
m18,A/A,A/A,C/C,C/C,C/C,C/C,C/T,,A/A,,A/A,A/A,C/C,C/C,C/C,C/C,A/A,A/A,A/A,,,T/T,G/A,,T/T,,G/G,
m19,G/A,G/A,C/T,C/T,C/A,C/A,C/T,,A/G,,A/T,A/T,G/G,G/G,G/G,C/T,A/G,A/G,A/G,,,T/C,G/A,G/G,T/C,,G/C,
m21,G/G,G/G,C/T,C/T,C/A,C/A,C/T,,A/A,,A/T,A/T,C/G,C/G,C/G,C/T,A/G,A/G,A/G,,,T/C,G/A,,T/C,,G/C,
m22,G/G,G/G,T/T,T/T,A/A,A/A,T/T,,A/A,,T/T,T/T,G/G,G/G,G/G,G/G,G/G,G/G,G/G,,,C/C,Und,G/G,C/C,,G/C,
m24,G/A,G/A,T/T,T/T,C/C,C/C,C/C,,A/G,,A/A,A/A,C/C,C/C,C/C,C/C,A/A,A/A,A/A,,,T/T,G/G,G/G,T/T,,G/G,
m25,G/A,G/A,C/T,C/T,C/C,C/C,C/C,,G/G,,A/A,A/A,C/C,C/C,C/C,C/C,A/A,A/A,A/A,,,T/T,G/G,G/G,T/T,,G/G,
m26,G/A,G/A,C/C,C/C,C/C,C/C,C/C,,G/G,,A/A,,C/C,,C/C,C/C,A/A,A/A,A/A,,,T/T,G/G,G/G,T/T,,G/G,
m27,G/A,G/A,C/T,C/T,C/C,C/C,C/C,,G/G,,A/A,,C/C,,C/C,C/C,A/A,A/A,A/A,,,T/T,G/G,G/G,T/T,,G/G,
m28,G/G,G/G,C/T,C/T,C/C,C/C,C/C,,G/G,,A/A,,C/C,,C/C,C/C,A/A,A/A,A/A,,,T/T,G/G,G/G,T/T,,G/G,
IDs with given,,,,,,,,,not great sequence,,,,,,,,,,,,TAQ assay,,clear seq calls for,,,,,
genotypes,,,,,diff call from genotype provided,,,,trust taq call,,,,,,TAQ failed multiple times.,,,,,,designed failed,,discrepancies,,,,,
,,,,,trust seq,,,,,,,,,,Possibly because C/T,,,,,,No assay made,,trust seq,,,,,
,,,,,,,,,,,,,,,instead of C/G,,,,,,seq only,,,,,,,
,,,,,,,,,,,,,,,Definitive examples of both ,,,,,,,,,,,,,
,,,,,,,,,,,,,,,homozygotes and heterozygotes,,,,,,,,,,,,,
,,,,,,,,,,,,,,,Still messy for a number,,,,,,,,,,,,,
,,,,,,,,,,,,,,,Trust seq calls,,,,,,,,,,,,,